{"cameraMode":{"drawMode":0,"name":"Shaded","section":"Shading Mode"},"sceneLighting":true,"audioPlay":false,"sceneViewState":{"m_AlwaysRefresh":false,"showFog":true,"showSkybox":true,"showFlares":true,"showImageEffects":true,"showParticleSystems":true,"showVisualEffectGraphs":true,"m_FxEnabled":true},"in2DMode":false,"pivot":{"x":1.648837924003601,"y":0.23139992356300355,"z":5.166115760803223},"rotation":{"x":0.4648483097553253,"y":0.2496473491191864,"z":-0.13846318423748017,"w":0.8381121754646301},"size":28.298303604125978,"orthographic":false}